Workbook

Sheet Resumen
A2: Comparación apareada E0-E1
A3: Cada diferencia se calcula como E1 menos E0. Un valor negativo mejora las medidas cuyo criterio es Menor.
A5: Estado | B5: =IF(MIN(E16,E17,E25)=0,"Sin corridas cargadas",IF(MIN(E16,E17,E25)<10,"Corridas incompletas","Listo para análisis")) | D5: El intervalo se habilita al completar como mínimo n = 10 pares (n0 del procedimiento secuencial, §7.3 del plan). El diseño de referencia sigue siendo n = 30, pero ya no es un mínimo fijo: t crítico se recalcula con T.INV.2T según el n real.
A6: Nivel de confianza familiar | B6: 0.95 | D6: t crítico calculado con T.INV.2T(alfa, n-1): alfa_s = alfa/k (Bonferroni, k = comparaciones primarias) para las tres primarias, y 1 - nivel de confianza (individual, descriptivo) para las secundarias y los controles de verificación.
A7: Comparaciones primarias | B7: =COUNTIF(B11:B25,"Primaria")
A8: Alfa por comparación primaria | B8: =(1-B6)/B7
A9: Primarias (D4, alfa_s = alfa/k, IC Bonferroni): P90 de espera, proporción con espera > 30 s y P90 de la cohorte pico 08:15-08:45. Controles de verificación (conservación, D≈0 esperado; no forman parte de la familia Bonferroni): pasajeros generados/desviados, procesados a las 09:30 (throughput) y procesados con drenaje. El resto son secundarias, IC individual 95% descriptivo.
A10: Medida | B10: Familia | C10: Criterio | D10: Unidad | E10: n pares | F10: Media E0 | G10: Media E1 | H10: Diferencia media | I10: Desvío de diferencias | J10: Error estándar | K10: t crítico | L10: IC inferior | M10: IC superior | N10: Conclusión
A11: Pasajeros generados | B11: Control | C11: Igual | D11: pasajeros | E11: =COUNT(Corridas!$E$8:$E$67) | F11: =IF(E11=0,"",AVERAGE(Corridas!$C$8:$C$67)) | G11: =IF(E11=0,"",AVERAGE(Corridas!$D$8:$D$67)) | H11: =IF(E11=0,"",AVERAGE(Corridas!$E$8:$E$67)) | I11: =IF(E11<2,"",_xlfn.STDEV.S(Corridas!$E$8:$E$67)) | J11: =IF(E11<2,"",I11/SQRT(E11)) | K11: =IF(E11<10,"",_xlfn.T.INV.2T(IF(B11="Primaria",$B$8,1-$B$6),E11-1)) | L11: =IF(E11<10,"",H11-K11*J11) | M11: =IF(E11<10,"",H11+K11*J11) | N11: =IF(E11<10,"Pendiente",IF(C11="Igual",IF(AND(L11<=0,M11>=0),"Compatible con igualdad","Diferencia detectada"),IF(C11="Mayor",IF(L11>0,"Mejora concluyente",IF(M11<0,"Empeora concluyentemente","Sin evidencia suficiente")),IF(M11<0,"Mejora concluyente",IF(L11>0,"Empeora concluyentemente","Sin evidencia suficiente")))))
A12: Pasajeros desviados | B12: Control | C12: Igual | D12: pasajeros | E12: =COUNT(Corridas!$H$8:$H$67) | F12: =IF(E12=0,"",AVERAGE(Corridas!$F$8:$F$67)) | G12: =IF(E12=0,"",AVERAGE(Corridas!$G$8:$G$67)) | H12: =IF(E12=0,"",AVERAGE(Corridas!$H$8:$H$67)) | I12: =IF(E12<2,"",_xlfn.STDEV.S(Corridas!$H$8:$H$67)) | J12: =IF(E12<2,"",I12/SQRT(E12)) | K12: =IF(E12<10,"",_xlfn.T.INV.2T(IF(B12="Primaria",$B$8,1-$B$6),E12-1)) | L12: =IF(E12<10,"",H12-K12*J12) | M12: =IF(E12<10,"",H12+K12*J12) | N12: =IF(E12<10,"Pendiente",IF(C12="Igual",IF(AND(L12<=0,M12>=0),"Compatible con igualdad","Diferencia detectada"),IF(C12="Mayor",IF(L12>0,"Mejora concluyente",IF(M12<0,"Empeora concluyentemente","Sin evidencia suficiente")),IF(M12<0,"Mejora concluyente",IF(L12>0,"Empeora concluyentemente","Sin evidencia suficiente")))))
A13: Procesados a las 09:30 | B13: Control | C13: Mayor | D13: pasajeros | E13: =COUNT(Corridas!$K$8:$K$67) | F13: =IF(E13=0,"",AVERAGE(Corridas!$I$8:$I$67)) | G13: =IF(E13=0,"",AVERAGE(Corridas!$J$8:$J$67)) | H13: =IF(E13=0,"",AVERAGE(Corridas!$K$8:$K$67)) | I13: =IF(E13<2,"",_xlfn.STDEV.S(Corridas!$K$8:$K$67)) | J13: =IF(E13<2,"",I13/SQRT(E13)) | K13: =IF(E13<10,"",_xlfn.T.INV.2T(IF(B13="Primaria",$B$8,1-$B$6),E13-1)) | L13: =IF(E13<10,"",H13-K13*J13) | M13: =IF(E13<10,"",H13+K13*J13) | N13: =IF(E13<10,"Pendiente",IF(C13="Igual",IF(AND(L13<=0,M13>=0),"Compatible con igualdad","Diferencia detectada"),IF(C13="Mayor",IF(L13>0,"Mejora concluyente",IF(M13<0,"Empeora concluyentemente","Sin evidencia suficiente")),IF(M13<0,"Mejora concluyente",IF(L13>0,"Empeora concluyentemente","Sin evidencia suficiente")))))
A14: Procesados con drenaje | B14: Control | C14: Mayor | D14: pasajeros | E14: =COUNT(Corridas!$N$8:$N$67) | F14: =IF(E14=0,"",AVERAGE(Corridas!$L$8:$L$67)) | G14: =IF(E14=0,"",AVERAGE(Corridas!$M$8:$M$67)) | H14: =IF(E14=0,"",AVERAGE(Corridas!$N$8:$N$67)) | I14: =IF(E14<2,"",_xlfn.STDEV.S(Corridas!$N$8:$N$67)) | J14: =IF(E14<2,"",I14/SQRT(E14)) | K14: =IF(E14<10,"",_xlfn.T.INV.2T(IF(B14="Primaria",$B$8,1-$B$6),E14-1)) | L14: =IF(E14<10,"",H14-K14*J14) | M14: =IF(E14<10,"",H14+K14*J14) | N14: =IF(E14<10,"Pendiente",IF(C14="Igual",IF(AND(L14<=0,M14>=0),"Compatible con igualdad","Diferencia detectada"),IF(C14="Mayor",IF(L14>0,"Mejora concluyente",IF(M14<0,"Empeora concluyentemente","Sin evidencia suficiente")),IF(M14<0,"Mejora concluyente",IF(L14>0,"Empeora concluyentemente","Sin evidencia suficiente")))))
A15: Espera media | B15: Secundaria | C15: Menor | D15: s | E15: =COUNT(Corridas!$Q$8:$Q$67) | F15: =IF(E15=0,"",AVERAGE(Corridas!$O$8:$O$67)) | G15: =IF(E15=0,"",AVERAGE(Corridas!$P$8:$P$67)) | H15: =IF(E15=0,"",AVERAGE(Corridas!$Q$8:$Q$67)) | I15: =IF(E15<2,"",_xlfn.STDEV.S(Corridas!$Q$8:$Q$67)) | J15: =IF(E15<2,"",I15/SQRT(E15)) | K15: =IF(E15<10,"",_xlfn.T.INV.2T(IF(B15="Primaria",$B$8,1-$B$6),E15-1)) | L15: =IF(E15<10,"",H15-K15*J15) | M15: =IF(E15<10,"",H15+K15*J15) | N15: =IF(E15<10,"Pendiente",IF(C15="Igual",IF(AND(L15<=0,M15>=0),"Compatible con igualdad","Diferencia detectada"),IF(C15="Mayor",IF(L15>0,"Mejora concluyente",IF(M15<0,"Empeora concluyentemente","Sin evidencia suficiente")),IF(M15<0,"Mejora concluyente",IF(L15>0,"Empeora concluyentemente","Sin evidencia suficiente")))))
A16: P90 de espera | B16: Primaria | C16: Menor | D16: s | E16: =COUNT(Corridas!$T$8:$T$67) | F16: =IF(E16=0,"",AVERAGE(Corridas!$R$8:$R$67)) | G16: =IF(E16=0,"",AVERAGE(Corridas!$S$8:$S$67)) | H16: =IF(E16=0,"",AVERAGE(Corridas!$T$8:$T$67)) | I16: =IF(E16<2,"",_xlfn.STDEV.S(Corridas!$T$8:$T$67)) | J16: =IF(E16<2,"",I16/SQRT(E16)) | K16: =IF(E16<10,"",_xlfn.T.INV.2T(IF(B16="Primaria",$B$8,1-$B$6),E16-1)) | L16: =IF(E16<10,"",H16-K16*J16) | M16: =IF(E16<10,"",H16+K16*J16) | N16: =IF(E16<10,"Pendiente",IF(C16="Igual",IF(AND(L16<=0,M16>=0),"Compatible con igualdad","Diferencia detectada"),IF(C16="Mayor",IF(L16>0,"Mejora concluyente",IF(M16<0,"Empeora concluyentemente","Sin evidencia suficiente")),IF(M16<0,"Mejora concluyente",IF(L16>0,"Empeora concluyentemente","Sin evidencia suficiente")))))
A17: Proporción con espera mayor a 30 s | B17: Primaria | C17: Menor | D17: % | E17: =COUNT(Corridas!$W$8:$W$67) | F17: =IF(E17=0,"",AVERAGE(Corridas!$U$8:$U$67)) | G17: =IF(E17=0,"",AVERAGE(Corridas!$V$8:$V$67)) | H17: =IF(E17=0,"",AVERAGE(Corridas!$W$8:$W$67)) | I17: =IF(E17<2,"",_xlfn.STDEV.S(Corridas!$W$8:$W$67)) | J17: =IF(E17<2,"",I17/SQRT(E17)) | K17: =IF(E17<10,"",_xlfn.T.INV.2T(IF(B17="Primaria",$B$8,1-$B$6),E17-1)) | L17: =IF(E17<10,"",H17-K17*J17) | M17: =IF(E17<10,"",H17+K17*J17) | N17: =IF(E17<10,"Pendiente",IF(C17="Igual",IF(AND(L17<=0,M17>=0),"Compatible con igualdad","Diferencia detectada"),IF(C17="Mayor",IF(L17>0,"Mejora concluyente",IF(M17<0,"Empeora concluyentemente","Sin evidencia suficiente")),IF(M17<0,"Mejora concluyente",IF(L17>0,"Empeora concluyentemente","Sin evidencia suficiente")))))
A18: Lq | B18: Secundaria | C18: Menor | D18: pasajeros | E18: =COUNT(Corridas!$Z$8:$Z$67) | F18: =IF(E18=0,"",AVERAGE(Corridas!$X$8:$X$67)) | G18: =IF(E18=0,"",AVERAGE(Corridas!$Y$8:$Y$67)) | H18: =IF(E18=0,"",AVERAGE(Corridas!$Z$8:$Z$67)) | I18: =IF(E18<2,"",_xlfn.STDEV.S(Corridas!$Z$8:$Z$67)) | J18: =IF(E18<2,"",I18/SQRT(E18)) | K18: =IF(E18<10,"",_xlfn.T.INV.2T(IF(B18="Primaria",$B$8,1-$B$6),E18-1)) | L18: =IF(E18<10,"",H18-K18*J18) | M18: =IF(E18<10,"",H18+K18*J18) | N18: =IF(E18<10,"Pendiente",IF(C18="Igual",IF(AND(L18<=0,M18>=0),"Compatible con igualdad","Diferencia detectada"),IF(C18="Mayor",IF(L18>0,"Mejora concluyente",IF(M18<0,"Empeora concluyentemente","Sin evidencia suficiente")),IF(M18<0,"Mejora concluyente",IF(L18>0,"Empeora concluyentemente","Sin evidencia suficiente")))))
A19: Cola máxima | B19: Secundaria | C19: Menor | D19: pasajeros | E19: =COUNT(Corridas!$AC$8:$AC$67) | F19: =IF(E19=0,"",AVERAGE(Corridas!$AA$8:$AA$67)) | G19: =IF(E19=0,"",AVERAGE(Corridas!$AB$8:$AB$67)) | H19: =IF(E19=0,"",AVERAGE(Corridas!$AC$8:$AC$67)) | I19: =IF(E19<2,"",_xlfn.STDEV.S(Corridas!$AC$8:$AC$67)) | J19: =IF(E19<2,"",I19/SQRT(E19)) | K19: =IF(E19<10,"",_xlfn.T.INV.2T(IF(B19="Primaria",$B$8,1-$B$6),E19-1)) | L19: =IF(E19<10,"",H19-K19*J19) | M19: =IF(E19<10,"",H19+K19*J19) | N19: =IF(E19<10,"Pendiente",IF(C19="Igual",IF(AND(L19<=0,M19>=0),"Compatible con igualdad","Diferencia detectada"),IF(C19="Mayor",IF(L19>0,"Mejora concluyente",IF(M19<0,"Empeora concluyentemente","Sin evidencia suficiente")),IF(M19<0,"Mejora concluyente",IF(L19>0,"Empeora concluyentemente","Sin evidencia suficiente")))))
A20: Tiempo de drenaje final | B20: Secundaria | C20: Menor | D20: s | E20: =COUNT(Corridas!$AF$8:$AF$67) | F20: =IF(E20=0,"",AVERAGE(Corridas!$AD$8:$AD$67)) | G20: =IF(E20=0,"",AVERAGE(Corridas!$AE$8:$AE$67)) | H20: =IF(E20=0,"",AVERAGE(Corridas!$AF$8:$AF$67)) | I20: =IF(E20<2,"",_xlfn.STDEV.S(Corridas!$AF$8:$AF$67)) | J20: =IF(E20<2,"",I20/SQRT(E20)) | K20: =IF(E20<10,"",_xlfn.T.INV.2T(IF(B20="Primaria",$B$8,1-$B$6),E20-1)) | L20: =IF(E20<10,"",H20-K20*J20) | M20: =IF(E20<10,"",H20+K20*J20) | N20: =IF(E20<10,"Pendiente",IF(C20="Igual",IF(AND(L20<=0,M20>=0),"Compatible con igualdad","Diferencia detectada"),IF(C20="Mayor",IF(L20>0,"Mejora concluyente",IF(M20<0,"Empeora concluyentemente","Sin evidencia suficiente")),IF(M20<0,"Mejora concluyente",IF(L20>0,"Empeora concluyentemente","Sin evidencia suficiente")))))
A21: Utilización media | B21: Secundaria | C21: Menor | D21: % | E21: =COUNT(Corridas!$AI$8:$AI$67) | F21: =IF(E21=0,"",AVERAGE(Corridas!$AG$8:$AG$67)) | G21: =IF(E21=0,"",AVERAGE(Corridas!$AH$8:$AH$67)) | H21: =IF(E21=0,"",AVERAGE(Corridas!$AI$8:$AI$67)) | I21: =IF(E21<2,"",_xlfn.STDEV.S(Corridas!$AI$8:$AI$67)) | J21: =IF(E21<2,"",I21/SQRT(E21)) | K21: =IF(E21<10,"",_xlfn.T.INV.2T(IF(B21="Primaria",$B$8,1-$B$6),E21-1)) | L21: =IF(E21<10,"",H21-K21*J21) | M21: =IF(E21<10,"",H21+K21*J21) | N21: =IF(E21<10,"Pendiente",IF(C21="Igual",IF(AND(L21<=0,M21>=0),"Compatible con igualdad","Diferencia detectada"),IF(C21="Mayor",IF(L21>0,"Mejora concluyente",IF(M21<0,"Empeora concluyentemente","Sin evidencia suficiente")),IF(M21<0,"Mejora concluyente",IF(L21>0,"Empeora concluyentemente","Sin evidencia suficiente")))))
A22: Dispersión de utilización | B22: Secundaria | C22: Menor | D22: % (p.p.) | E22: =COUNT(Corridas!$AL$8:$AL$67) | F22: =IF(E22=0,"",AVERAGE(Corridas!$AJ$8:$AJ$67)) | G22: =IF(E22=0,"",AVERAGE(Corridas!$AK$8:$AK$67)) | H22: =IF(E22=0,"",AVERAGE(Corridas!$AL$8:$AL$67)) | I22: =IF(E22<2,"",_xlfn.STDEV.S(Corridas!$AL$8:$AL$67)) | J22: =IF(E22<2,"",I22/SQRT(E22)) | K22: =IF(E22<10,"",_xlfn.T.INV.2T(IF(B22="Primaria",$B$8,1-$B$6),E22-1)) | L22: =IF(E22<10,"",H22-K22*J22) | M22: =IF(E22<10,"",H22+K22*J22) | N22: =IF(E22<10,"Pendiente",IF(C22="Igual",IF(AND(L22<=0,M22>=0),"Compatible con igualdad","Diferencia detectada"),IF(C22="Mayor",IF(L22>0,"Mejora concluyente",IF(M22<0,"Empeora concluyentemente","Sin evidencia suficiente")),IF(M22<0,"Mejora concluyente",IF(L22>0,"Empeora concluyentemente","Sin evidencia suficiente")))))
A23: Pasajeros de la cohorte pico | B23: Secundaria | C23: Igual | D23: pasajeros | E23: =COUNT(Corridas!$AO$8:$AO$67) | F23: =IF(E23=0,"",AVERAGE(Corridas!$AM$8:$AM$67)) | G23: =IF(E23=0,"",AVERAGE(Corridas!$AN$8:$AN$67)) | H23: =IF(E23=0,"",AVERAGE(Corridas!$AO$8:$AO$67)) | I23: =IF(E23<2,"",_xlfn.STDEV.S(Corridas!$AO$8:$AO$67)) | J23: =IF(E23<2,"",I23/SQRT(E23)) | K23: =IF(E23<10,"",_xlfn.T.INV.2T(IF(B23="Primaria",$B$8,1-$B$6),E23-1)) | L23: =IF(E23<10,"",H23-K23*J23) | M23: =IF(E23<10,"",H23+K23*J23) | N23: =IF(E23<10,"Pendiente",IF(C23="Igual",IF(AND(L23<=0,M23>=0),"Compatible con igualdad","Diferencia detectada"),IF(C23="Mayor",IF(L23>0,"Mejora concluyente",IF(M23<0,"Empeora concluyentemente","Sin evidencia suficiente")),IF(M23<0,"Mejora concluyente",IF(L23>0,"Empeora concluyentemente","Sin evidencia suficiente")))))
A24: Espera media de la cohorte pico | B24: Secundaria | C24: Menor | D24: s | E24: =COUNT(Corridas!$AR$8:$AR$67) | F24: =IF(E24=0,"",AVERAGE(Corridas!$AP$8:$AP$67)) | G24: =IF(E24=0,"",AVERAGE(Corridas!$AQ$8:$AQ$67)) | H24: =IF(E24=0,"",AVERAGE(Corridas!$AR$8:$AR$67)) | I24: =IF(E24<2,"",_xlfn.STDEV.S(Corridas!$AR$8:$AR$67)) | J24: =IF(E24<2,"",I24/SQRT(E24)) | K24: =IF(E24<10,"",_xlfn.T.INV.2T(IF(B24="Primaria",$B$8,1-$B$6),E24-1)) | L24: =IF(E24<10,"",H24-K24*J24) | M24: =IF(E24<10,"",H24+K24*J24) | N24: =IF(E24<10,"Pendiente",IF(C24="Igual",IF(AND(L24<=0,M24>=0),"Compatible con igualdad","Diferencia detectada"),IF(C24="Mayor",IF(L24>0,"Mejora concluyente",IF(M24<0,"Empeora concluyentemente","Sin evidencia suficiente")),IF(M24<0,"Mejora concluyente",IF(L24>0,"Empeora concluyentemente","Sin evidencia suficiente")))))
A25: P90 de la cohorte pico | B25: Primaria | C25: Menor | D25: s | E25: =COUNT(Corridas!$AU$8:$AU$67) | F25: =IF(E25=0,"",AVERAGE(Corridas!$AS$8:$AS$67)) | G25: =IF(E25=0,"",AVERAGE(Corridas!$AT$8:$AT$67)) | H25: =IF(E25=0,"",AVERAGE(Corridas!$AU$8:$AU$67)) | I25: =IF(E25<2,"",_xlfn.STDEV.S(Corridas!$AU$8:$AU$67)) | J25: =IF(E25<2,"",I25/SQRT(E25)) | K25: =IF(E25<10,"",_xlfn.T.INV.2T(IF(B25="Primaria",$B$8,1-$B$6),E25-1)) | L25: =IF(E25<10,"",H25-K25*J25) | M25: =IF(E25<10,"",H25+K25*J25) | N25: =IF(E25<10,"Pendiente",IF(C25="Igual",IF(AND(L25<=0,M25>=0),"Compatible con igualdad","Diferencia detectada"),IF(C25="Mayor",IF(L25>0,"Mejora concluyente",IF(M25<0,"Empeora concluyentemente","Sin evidencia suficiente")),IF(M25<0,"Mejora concluyente",IF(L25>0,"Empeora concluyentemente","Sin evidencia suficiente")))))

Sheet Corridas
A2: Corridas apareadas E0-E1
A3: Cargar únicamente resultados de producción calibrados. Las columnas amarillas son entradas; las grises se calculan.
A4: La misma fila debe usar la misma semilla y las mismas entradas aleatorias en E0 y E1.
A5: Carga reproducible: python3 cargar_corridas.py corridas_peatonales.csv --escribir (valida pares, semillas y conservación antes de escribir).
A6: n de pares variable (T1.5): esta hoja admite hasta 60 pares con semillas contiguas desde 20260923. El análisis (hoja Resumen) se habilita desde n = 10 pares cargados.
A7: Réplica | B7: Semilla | C7: E0 Pasajeros generados | D7: E1 Pasajeros generados | E7: Diferencia Pasajeros generados | F7: E0 Pasajeros desviados | G7: E1 Pasajeros desviados | H7: Diferencia Pasajeros desviados | I7: E0 Procesados a las 09:30 | J7: E1 Procesados a las 09:30 | K7: Diferencia Procesados a las 09:30 | L7: E0 Procesados con drenaje | M7: E1 Procesados con drenaje | N7: Diferencia Procesados con drenaje | O7: E0 Espera media | P7: E1 Espera media | Q7: Diferencia Espera media | R7: E0 P90 de espera | S7: E1 P90 de espera | T7: Diferencia P90 de espera | U7: E0 Proporción con espera mayor a 30 s | V7: E1 Proporción con espera mayor a 30 s | W7: Diferencia Proporción con espera mayor a 30 s | X7: E0 Lq | Y7: E1 Lq | Z7: Diferencia Lq | AA7: E0 Cola máxima | AB7: E1 Cola máxima | AC7: Diferencia Cola máxima | AD7: E0 Tiempo de drenaje final | AE7: E1 Tiempo de drenaje final | AF7: Diferencia Tiempo de drenaje final | AG7: E0 Utilización media | AH7: E1 Utilización media | AI7: Diferencia Utilización media | AJ7: E0 Dispersión de utilización | AK7: E1 Dispersión de utilización | AL7: Diferencia Dispersión de utilización | AM7: E0 Pasajeros de la cohorte pico | AN7: E1 Pasajeros de la cohorte pico | AO7: Diferencia Pasajeros de la cohorte pico | AP7: E0 Espera media de la cohorte pico | AQ7: E1 Espera media de la cohorte pico | AR7: Diferencia Espera media de la cohorte pico | AS7: E0 P90 de la cohorte pico | AT7: E1 P90 de la cohorte pico | AU7: Diferencia P90 de la cohorte pico
A8: 1 | B8: 20260923 | C8: 18416 | D8: 18416 | E8: =IF(OR(C8="",D8=""),"",D8-C8) | F8: 0 | G8: 0 | H8: =IF(OR(F8="",G8=""),"",G8-F8) | I8: 18209 | J8: 18212 | K8: =IF(OR(I8="",J8=""),"",J8-I8) | L8: 18416 | M8: 18416 | N8: =IF(OR(L8="",M8=""),"",M8-L8) | O8: 10.746959 | P8: 7.300103 | Q8: =IF(OR(O8="",P8=""),"",P8-O8) | R8: 27.9 | S8: 18.3 | T8: =IF(OR(R8="",S8=""),"",S8-R8) | U8: 0.080962 | V8: 0.018462 | W8: =IF(OR(U8="",V8=""),"",V8-U8) | X8: 21.931933 | Y8: 14.893867 | Z8: =IF(OR(X8="",Y8=""),"",Y8-X8) | AA8: 224 | AB8: 168 | AC8: =IF(OR(AA8="",AB8=""),"",AB8-AA8) | AD8: 65.180786 | AE8: 65.780786 | AF8: =IF(OR(AD8="",AE8=""),"",AE8-AD8) | AG8: 0.260496 | AH8: 0.236869 | AI8: =IF(OR(AG8="",AH8=""),"",AH8-AG8) | AJ8: 0.046893 | AK8: 0.050486 | AL8: =IF(OR(AJ8="",AK8=""),"",AK8-AJ8) | AM8: 4360 | AN8: 4360 | AO8: =IF(OR(AM8="",AN8=""),"",AN8-AM8) | AP8: 15.582661 | AQ8: 10.343807 | AR8: =IF(OR(AP8="",AQ8=""),"",AQ8-AP8) | AS8: 35.1 | AT8: 24.9 | AU8: =IF(OR(AS8="",AT8=""),"",AT8-AS8)
A9: 2 | B9: 20260924 | C9: 18401 | D9: 18401 | E9: =IF(OR(C9="",D9=""),"",D9-C9) | F9: 0 | G9: 0 | H9: =IF(OR(F9="",G9=""),"",G9-F9) | I9: 18193 | J9: 18191 | K9: =IF(OR(I9="",J9=""),"",J9-I9) | L9: 18401 | M9: 18401 | N9: =IF(OR(L9="",M9=""),"",M9-L9) | O9: 10.690799 | P9: 7.312983 | Q9: =IF(OR(O9="",P9=""),"",P9-O9) | R9: 27.6 | S9: 18 | T9: =IF(OR(R9="",S9=""),"",S9-R9) | U9: 0.079126 | V9: 0.018695 | W9: =IF(OR(U9="",V9=""),"",V9-U9) | X9: 21.7905 | Y9: 14.896233 | Z9: =IF(OR(X9="",Y9=""),"",Y9-X9) | AA9: 226 | AB9: 170 | AC9: =IF(OR(AA9="",AB9=""),"",AB9-AA9) | AD9: 62.780786 | AE9: 66.680786 | AF9: =IF(OR(AD9="",AE9=""),"",AE9-AD9) | AG9: 0.260838 | AH9: 0.237166 | AI9: =IF(OR(AG9="",AH9=""),"",AH9-AG9) | AJ9: 0.047257 | AK9: 0.051511 | AL9: =IF(OR(AJ9="",AK9=""),"",AK9-AJ9) | AM9: 4337 | AN9: 4337 | AO9: =IF(OR(AM9="",AN9=""),"",AN9-AM9) | AP9: 16.004658 | AQ9: 10.584113 | AR9: =IF(OR(AP9="",AQ9=""),"",AQ9-AP9) | AS9: 35.7 | AT9: 24.9 | AU9: =IF(OR(AS9="",AT9=""),"",AT9-AS9)
A10: 3 | B10: 20260925 | C10: 18331 | D10: 18331 | E10: =IF(OR(C10="",D10=""),"",D10-C10) | F10: 0 | G10: 0 | H10: =IF(OR(F10="",G10=""),"",G10-F10) | I10: 18126 | J10: 18128 | K10: =IF(OR(I10="",J10=""),"",J10-I10) | L10: 18331 | M10: 18331 | N10: =IF(OR(L10="",M10=""),"",M10-L10) | O10: 10.968469 | P10: 7.525056 | Q10: =IF(OR(O10="",P10=""),"",P10-O10) | R10: 28.5 | S10: 18.6 | T10: =IF(OR(R10="",S10=""),"",S10-R10) | U10: 0.087011 | V10: 0.024767 | W10: =IF(OR(U10="",V10=""),"",V10-U10) | X10: 22.265967 | Y10: 15.273867 | Z10: =IF(OR(X10="",Y10=""),"",Y10-X10) | AA10: 231 | AB10: 168 | AC10: =IF(OR(AA10="",AB10=""),"",AB10-AA10) | AD10: 67.880786 | AE10: 67.280786 | AF10: =IF(OR(AD10="",AE10=""),"",AE10-AD10) | AG10: 0.260075 | AH10: 0.236487 | AI10: =IF(OR(AG10="",AH10=""),"",AH10-AG10) | AJ10: 0.046718 | AK10: 0.051265 | AL10: =IF(OR(AJ10="",AK10=""),"",AK10-AJ10) | AM10: 4368 | AN10: 4368 | AO10: =IF(OR(AM10="",AN10=""),"",AN10-AM10) | AP10: 16.898626 | AQ10: 11.267651 | AR10: =IF(OR(AP10="",AQ10=""),"",AQ10-AP10) | AS10: 38.1 | AT10: 26.7 | AU10: =IF(OR(AS10="",AT10=""),"",AT10-AS10)
A11: 4 | B11: 20260926 | C11: 18384 | D11: 18384 | E11: =IF(OR(C11="",D11=""),"",D11-C11) | F11: 0 | G11: 0 | H11: =IF(OR(F11="",G11=""),"",G11-F11) | I11: 18174 | J11: 18176 | K11: =IF(OR(I11="",J11=""),"",J11-I11) | L11: 18384 | M11: 18384 | N11: =IF(OR(L11="",M11=""),"",M11-L11) | O11: 10.707376 | P11: 7.470561 | Q11: =IF(OR(O11="",P11=""),"",P11-O11) | R11: 27.9 | S11: 18.9 | T11: =IF(OR(R11="",S11=""),"",S11-R11) | U11: 0.083388 | V11: 0.02203 | W11: =IF(OR(U11="",V11=""),"",V11-U11) | X11: 21.815367 | Y11: 15.211367 | Z11: =IF(OR(X11="",Y11=""),"",Y11-X11) | AA11: 229 | AB11: 167 | AC11: =IF(OR(AA11="",AB11=""),"",AB11-AA11) | AD11: 61.280786 | AE11: 62.180786 | AF11: =IF(OR(AD11="",AE11=""),"",AE11-AD11) | AG11: 0.260777 | AH11: 0.237082 | AI11: =IF(OR(AG11="",AH11=""),"",AH11-AG11) | AJ11: 0.04796 | AK11: 0.051282 | AL11: =IF(OR(AJ11="",AK11=""),"",AK11-AJ11) | AM11: 4389 | AN11: 4389 | AO11: =IF(OR(AM11="",AN11=""),"",AN11-AM11) | AP11: 16.62406 | AQ11: 11.211483 | AR11: =IF(OR(AP11="",AQ11=""),"",AQ11-AP11) | AS11: 37.5 | AT11: 26.4 | AU11: =IF(OR(AS11="",AT11=""),"",AT11-AS11)
A12: 5 | B12: 20260927 | C12: 18542 | D12: 18542 | E12: =IF(OR(C12="",D12=""),"",D12-C12) | F12: 0 | G12: 0 | H12: =IF(OR(F12="",G12=""),"",G12-F12) | I12: 18329 | J12: 18331 | K12: =IF(OR(I12="",J12=""),"",J12-I12) | L12: 18542 | M12: 18542 | N12: =IF(OR(L12="",M12=""),"",M12-L12) | O12: 10.925698 | P12: 7.478821 | Q12: =IF(OR(O12="",P12=""),"",P12-O12) | R12: 28.8 | S12: 18.9 | T12: =IF(OR(R12="",S12=""),"",S12-R12) | U12: 0.089742 | V12: 0.021519 | W12: =IF(OR(U12="",V12=""),"",V12-U12) | X12: 22.4425 | Y12: 15.359067 | Z12: =IF(OR(X12="",Y12=""),"",Y12-X12) | AA12: 222 | AB12: 162 | AC12: =IF(OR(AA12="",AB12=""),"",AB12-AA12) | AD12: 66.680786 | AE12: 64.880786 | AF12: =IF(OR(AD12="",AE12=""),"",AE12-AD12) | AG12: 0.26247 | AH12: 0.238701 | AI12: =IF(OR(AG12="",AH12=""),"",AH12-AG12) | AJ12: 0.049203 | AK12: 0.052234 | AL12: =IF(OR(AJ12="",AK12=""),"",AK12-AJ12) | AM12: 4393 | AN12: 4393 | AO12: =IF(OR(AM12="",AN12=""),"",AN12-AM12) | AP12: 16.093945 | AQ12: 10.786342 | AR12: =IF(OR(AP12="",AQ12=""),"",AQ12-AP12) | AS12: 37.5 | AT12: 25.8 | AU12: =IF(OR(AS12="",AT12=""),"",AT12-AS12)
A13: 6 | B13: 20260928 | C13: 18358 | D13: 18358 | E13: =IF(OR(C13="",D13=""),"",D13-C13) | F13: 0 | G13: 0 | H13: =IF(OR(F13="",G13=""),"",G13-F13) | I13: 18143 | J13: 18139 | K13: =IF(OR(I13="",J13=""),"",J13-I13) | L13: 18358 | M13: 18358 | N13: =IF(OR(L13="",M13=""),"",M13-L13) | O13: 11.072579 | P13: 7.532177 | Q13: =IF(OR(O13="",P13=""),"",P13-O13) | R13: 28.8 | S13: 18.9 | T13: =IF(OR(R13="",S13=""),"",S13-R13) | U13: 0.089552 | V13: 0.025711 | W13: =IF(OR(U13="",V13=""),"",V13-U13) | X13: 22.522033 | Y13: 15.310633 | Z13: =IF(OR(X13="",Y13=""),"",Y13-X13) | AA13: 234 | AB13: 175 | AC13: =IF(OR(AA13="",AB13=""),"",AB13-AA13) | AD13: 63.380786 | AE13: 63.980786 | AF13: =IF(OR(AD13="",AE13=""),"",AE13-AD13) | AG13: 0.259646 | AH13: 0.236055 | AI13: =IF(OR(AG13="",AH13=""),"",AH13-AG13) | AJ13: 0.046245 | AK13: 0.04984 | AL13: =IF(OR(AJ13="",AK13=""),"",AK13-AJ13) | AM13: 4392 | AN13: 4392 | AO13: =IF(OR(AM13="",AN13=""),"",AN13-AM13) | AP13: 16.783675 | AQ13: 11.305191 | AR13: =IF(OR(AP13="",AQ13=""),"",AQ13-AP13) | AS13: 37.5 | AT13: 27.9 | AU13: =IF(OR(AS13="",AT13=""),"",AT13-AS13)
A14: 7 | B14: 20260929 | C14: 18432 | D14: 18432 | E14: =IF(OR(C14="",D14=""),"",D14-C14) | F14: 0 | G14: 0 | H14: =IF(OR(F14="",G14=""),"",G14-F14) | I14: 18219 | J14: 18220 | K14: =IF(OR(I14="",J14=""),"",J14-I14) | L14: 18432 | M14: 18432 | N14: =IF(OR(L14="",M14=""),"",M14-L14) | O14: 10.920817 | P14: 7.389209 | Q14: =IF(OR(O14="",P14=""),"",P14-O14) | R14: 28.5 | S14: 18.6 | T14: =IF(OR(R14="",S14=""),"",S14-R14) | U14: 0.086968 | V14: 0.021213 | W14: =IF(OR(U14="",V14=""),"",V14-U14) | X14: 22.304633 | Y14: 15.070933 | Z14: =IF(OR(X14="",Y14=""),"",Y14-X14) | AA14: 227 | AB14: 165 | AC14: =IF(OR(AA14="",AB14=""),"",AB14-AA14) | AD14: 64.280786 | AE14: 67.580786 | AF14: =IF(OR(AD14="",AE14=""),"",AE14-AD14) | AG14: 0.260909 | AH14: 0.237153 | AI14: =IF(OR(AG14="",AH14=""),"",AH14-AG14) | AJ14: 0.047948 | AK14: 0.051175 | AL14: =IF(OR(AJ14="",AK14=""),"",AK14-AJ14) | AM14: 4358 | AN14: 4358 | AO14: =IF(OR(AM14="",AN14=""),"",AN14-AM14) | AP14: 15.816292 | AQ14: 10.584878 | AR14: =IF(OR(AP14="",AQ14=""),"",AQ14-AP14) | AS14: 36.3 | AT14: 25.5 | AU14: =IF(OR(AS14="",AT14=""),"",AT14-AS14)
A15: 8 | B15: 20260930 | C15: 18404 | D15: 18404 | E15: =IF(OR(C15="",D15=""),"",D15-C15) | F15: 0 | G15: 0 | H15: =IF(OR(F15="",G15=""),"",G15-F15) | I15: 18205 | J15: 18202 | K15: =IF(OR(I15="",J15=""),"",J15-I15) | L15: 18404 | M15: 18404 | N15: =IF(OR(L15="",M15=""),"",M15-L15) | O15: 11.210291 | P15: 7.678429 | Q15: =IF(OR(O15="",P15=""),"",P15-O15) | R15: 29.4 | S15: 19.5 | T15: =IF(OR(R15="",S15=""),"",S15-R15) | U15: 0.095034 | V15: 0.02945 | W15: =IF(OR(U15="",V15=""),"",V15-U15) | X15: 22.858833 | Y15: 15.6505 | Z15: =IF(OR(X15="",Y15=""),"",Y15-X15) | AA15: 236 | AB15: 174 | AC15: =IF(OR(AA15="",AB15=""),"",AB15-AA15) | AD15: 69.680786 | AE15: 62.780786 | AF15: =IF(OR(AD15="",AE15=""),"",AE15-AD15) | AG15: 0.260334 | AH15: 0.236732 | AI15: =IF(OR(AG15="",AH15=""),"",AH15-AG15) | AJ15: 0.046776 | AK15: 0.051596 | AL15: =IF(OR(AJ15="",AK15=""),"",AK15-AJ15) | AM15: 4399 | AN15: 4399 | AO15: =IF(OR(AM15="",AN15=""),"",AN15-AM15) | AP15: 16.656172 | AQ15: 11.048579 | AR15: =IF(OR(AP15="",AQ15=""),"",AQ15-AP15) | AS15: 38.1 | AT15: 26.7 | AU15: =IF(OR(AS15="",AT15=""),"",AT15-AS15)
A16: 9 | B16: 20260931 | C16: 18491 | D16: 18491 | E16: =IF(OR(C16="",D16=""),"",D16-C16) | F16: 0 | G16: 0 | H16: =IF(OR(F16="",G16=""),"",G16-F16) | I16: 18287 | J16: 18289 | K16: =IF(OR(I16="",J16=""),"",J16-I16) | L16: 18491 | M16: 18491 | N16: =IF(OR(L16="",M16=""),"",M16-L16) | O16: 10.987275 | P16: 7.569699 | Q16: =IF(OR(O16="",P16=""),"",P16-O16) | R16: 28.8 | S16: 18.9 | T16: =IF(OR(R16="",S16=""),"",S16-R16) | U16: 0.086204 | V16: 0.022714 | W16: =IF(OR(U16="",V16=""),"",V16-U16) | X16: 22.515933 | Y16: 15.503333 | Z16: =IF(OR(X16="",Y16=""),"",Y16-X16) | AA16: 243 | AB16: 184 | AC16: =IF(OR(AA16="",AB16=""),"",AB16-AA16) | AD16: 63.980786 | AE16: 61.280786 | AF16: =IF(OR(AD16="",AE16=""),"",AE16-AD16) | AG16: 0.261692 | AH16: 0.237926 | AI16: =IF(OR(AG16="",AH16=""),"",AH16-AG16) | AJ16: 0.047376 | AK16: 0.051549 | AL16: =IF(OR(AJ16="",AK16=""),"",AK16-AJ16) | AM16: 4384 | AN16: 4384 | AO16: =IF(OR(AM16="",AN16=""),"",AN16-AM16) | AP16: 16.500068 | AQ16: 11.476711 | AR16: =IF(OR(AP16="",AQ16=""),"",AQ16-AP16) | AS16: 37.2 | AT16: 27.3 | AU16: =IF(OR(AS16="",AT16=""),"",AT16-AS16)
A17: 10 | B17: 20260932 | C17: 18358 | D17: 18358 | E17: =IF(OR(C17="",D17=""),"",D17-C17) | F17: 0 | G17: 0 | H17: =IF(OR(F17="",G17=""),"",G17-F17) | I17: 18152 | J17: 18152 | K17: =IF(OR(I17="",J17=""),"",J17-I17) | L17: 18358 | M17: 18358 | N17: =IF(OR(L17="",M17=""),"",M17-L17) | O17: 10.741105 | P17: 7.385625 | Q17: =IF(OR(O17="",P17=""),"",P17-O17) | R17: 27.9 | S17: 18.6 | T17: =IF(OR(R17="",S17=""),"",S17-R17) | U17: 0.082144 | V17: 0.020808 | W17: =IF(OR(U17="",V17=""),"",V17-U17) | X17: 21.855933 | Y17: 15.021833 | Z17: =IF(OR(X17="",Y17=""),"",Y17-X17) | AA17: 227 | AB17: 171 | AC17: =IF(OR(AA17="",AB17=""),"",AB17-AA17) | AD17: 64.580786 | AE17: 65.180786 | AF17: =IF(OR(AD17="",AE17=""),"",AE17-AD17) | AG17: 0.259736 | AH17: 0.236157 | AI17: =IF(OR(AG17="",AH17=""),"",AH17-AG17) | AJ17: 0.046572 | AK17: 0.050027 | AL17: =IF(OR(AJ17="",AK17=""),"",AK17-AJ17) | AM17: 4353 | AN17: 4353 | AO17: =IF(OR(AM17="",AN17=""),"",AN17-AM17) | AP17: 16.182288 | AQ17: 10.844452 | AR17: =IF(OR(AP17="",AQ17=""),"",AQ17-AP17) | AS17: 36.9 | AT17: 26.1 | AU17: =IF(OR(AS17="",AT17=""),"",AT17-AS17)
A18: 11 | B18: 20260933 | C18: 18329 | D18: 18329 | E18: =IF(OR(C18="",D18=""),"",D18-C18) | F18: 0 | G18: 0 | H18: =IF(OR(F18="",G18=""),"",G18-F18) | I18: 18122 | J18: 18124 | K18: =IF(OR(I18="",J18=""),"",J18-I18) | L18: 18329 | M18: 18329 | N18: =IF(OR(L18="",M18=""),"",M18-L18) | O18: 10.466447 | P18: 7.076308 | Q18: =IF(OR(O18="",P18=""),"",P18-O18) | R18: 27 | S18: 17.7 | T18: =IF(OR(R18="",S18=""),"",S18-R18) | U18: 0.077582 | V18: 0.019805 | W18: =IF(OR(U18="",V18=""),"",V18-U18) | X18: 21.264967 | Y18: 14.363561 | Z18: =IF(OR(X18="",Y18=""),"",Y18-X18) | AA18: 232 | AB18: 171 | AC18: =IF(OR(AA18="",AB18=""),"",AB18-AA18) | AD18: 63.380786 | AE18: 65.480786 | AF18: =IF(OR(AD18="",AE18=""),"",AE18-AD18) | AG18: 0.259582 | AH18: 0.236009 | AI18: =IF(OR(AG18="",AH18=""),"",AH18-AG18) | AJ18: 0.046604 | AK18: 0.05134 | AL18: =IF(OR(AJ18="",AK18=""),"",AK18-AJ18) | AM18: 4370 | AN18: 4370 | AO18: =IF(OR(AM18="",AN18=""),"",AN18-AM18) | AP18: 15.993776 | AQ18: 10.576064 | AR18: =IF(OR(AP18="",AQ18=""),"",AQ18-AP18) | AS18: 36 | AT18: 25.2 | AU18: =IF(OR(AS18="",AT18=""),"",AT18-AS18)
A19: 12 | B19: 20260934 | C19: 18305 | D19: 18305 | E19: =IF(OR(C19="",D19=""),"",D19-C19) | F19: 0 | G19: 0 | H19: =IF(OR(F19="",G19=""),"",G19-F19) | I19: 18106 | J19: 18104 | K19: =IF(OR(I19="",J19=""),"",J19-I19) | L19: 18305 | M19: 18305 | N19: =IF(OR(L19="",M19=""),"",M19-L19) | O19: 10.745179 | P19: 7.205572 | Q19: =IF(OR(O19="",P19=""),"",P19-O19) | R19: 27.9 | S19: 18 | T19: =IF(OR(R19="",S19=""),"",S19-R19) | U19: 0.079323 | V19: 0.0177 | W19: =IF(OR(U19="",V19=""),"",V19-U19) | X19: 21.786367 | Y19: 14.598333 | Z19: =IF(OR(X19="",Y19=""),"",Y19-X19) | AA19: 227 | AB19: 169 | AC19: =IF(OR(AA19="",AB19=""),"",AB19-AA19) | AD19: 66.680786 | AE19: 66.680786 | AF19: =IF(OR(AD19="",AE19=""),"",AE19-AD19) | AG19: 0.259127 | AH19: 0.235624 | AI19: =IF(OR(AG19="",AH19=""),"",AH19-AG19) | AJ19: 0.046491 | AK19: 0.050169 | AL19: =IF(OR(AJ19="",AK19=""),"",AK19-AJ19) | AM19: 4364 | AN19: 4364 | AO19: =IF(OR(AM19="",AN19=""),"",AN19-AM19) | AP19: 15.850573 | AQ19: 10.35385 | AR19: =IF(OR(AP19="",AQ19=""),"",AQ19-AP19) | AS19: 35.4 | AT19: 24.3 | AU19: =IF(OR(AS19="",AT19=""),"",AT19-AS19)
... A37: 30 | B37: 20260952 | C37: 18383 | D37: 18383 | E37: =IF(OR(C37="",D37=""),"",D37-C37) | F37: 0 | G37: 0 | H37: =IF(OR(F37="",G37=""),"",G37-F37) | I37: 18186 | J37: 18182 | K37: =IF(OR(I37="",J37=""),"",J37-I37) | L37: 18383 | M37: 18383 | N37: =IF(OR(L37="",M37=""),"",M37-L37) | O37: 10.39722 | P37: 7.268607 | Q37: =IF(OR(O37="",P37=""),"",P37-O37) | R37: 27.3 | S37: 18.3 | T37: =IF(OR(R37="",S37=""),"",S37-R37) | U37: 0.07594 | V37: 0.015123 | W37: =IF(OR(U37="",V37=""),"",V37-U37) | X37: 21.1824 | Y37: 14.802633 | Z37: =IF(OR(X37="",Y37=""),"",Y37-X37) | AA37: 217 | AB37: 160 | AC37: =IF(OR(AA37="",AB37=""),"",AB37-AA37) | AD37: 65.780786 | AE37: 65.780786 | AF37: =IF(OR(AD37="",AE37=""),"",AE37-AD37) | AG37: 0.260454 | AH37: 0.236773 | AI37: =IF(OR(AG37="",AH37=""),"",AH37-AG37) | AJ37: 0.04749 | AK37: 0.052111 | AL37: =IF(OR(AJ37="",AK37=""),"",AK37-AJ37) | AM37: 4333 | AN37: 4333 | AO37: =IF(OR(AM37="",AN37=""),"",AN37-AM37) | AP37: 15.237688 | AQ37: 10.441426 | AR37: =IF(OR(AP37="",AQ37=""),"",AQ37-AP37) | AS37: 35.1 | AT37: 24.6 | AU37: =IF(OR(AS37="",AT37=""),"",AT37-AS37)
A38: 31 | B38: 20260953 | E38: =IF(OR(C38="",D38=""),"",D38-C38) | H38: =IF(OR(F38="",G38=""),"",G38-F38) | K38: =IF(OR(I38="",J38=""),"",J38-I38) | N38: =IF(OR(L38="",M38=""),"",M38-L38) | Q38: =IF(OR(O38="",P38=""),"",P38-O38) | T38: =IF(OR(R38="",S38=""),"",S38-R38) | W38: =IF(OR(U38="",V38=""),"",V38-U38) | Z38: =IF(OR(X38="",Y38=""),"",Y38-X38) | AC38: =IF(OR(AA38="",AB38=""),"",AB38-AA38) | AF38: =IF(OR(AD38="",AE38=""),"",AE38-AD38) | AI38: =IF(OR(AG38="",AH38=""),"",AH38-AG38) | AL38: =IF(OR(AJ38="",AK38=""),"",AK38-AJ38) | AO38: =IF(OR(AM38="",AN38=""),"",AN38-AM38) | AR38: =IF(OR(AP38="",AQ38=""),"",AQ38-AP38) | AU38: =IF(OR(AS38="",AT38=""),"",AT38-AS38)
A39: 32 | B39: 20260954 | E39: =IF(OR(C39="",D39=""),"",D39-C39) | H39: =IF(OR(F39="",G39=""),"",G39-F39) | K39: =IF(OR(I39="",J39=""),"",J39-I39) | N39: =IF(OR(L39="",M39=""),"",M39-L39) | Q39: =IF(OR(O39="",P39=""),"",P39-O39) | T39: =IF(OR(R39="",S39=""),"",S39-R39) | W39: =IF(OR(U39="",V39=""),"",V39-U39) | Z39: =IF(OR(X39="",Y39=""),"",Y39-X39) | AC39: =IF(OR(AA39="",AB39=""),"",AB39-AA39) | AF39: =IF(OR(AD39="",AE39=""),"",AE39-AD39) | AI39: =IF(OR(AG39="",AH39=""),"",AH39-AG39) | AL39: =IF(OR(AJ39="",AK39=""),"",AK39-AJ39) | AO39: =IF(OR(AM39="",AN39=""),"",AN39-AM39) | AR39: =IF(OR(AP39="",AQ39=""),"",AQ39-AP39) | AU39: =IF(OR(AS39="",AT39=""),"",AT39-AS39)
A40: 33 | B40: 20260955 | E40: =IF(OR(C40="",D40=""),"",D40-C40) | H40: =IF(OR(F40="",G40=""),"",G40-F40) | K40: =IF(OR(I40="",J40=""),"",J40-I40) | N40: =IF(OR(L40="",M40=""),"",M40-L40) | Q40: =IF(OR(O40="",P40=""),"",P40-O40) | T40: =IF(OR(R40="",S40=""),"",S40-R40) | W40: =IF(OR(U40="",V40=""),"",V40-U40) | Z40: =IF(OR(X40="",Y40=""),"",Y40-X40) | AC40: =IF(OR(AA40="",AB40=""),"",AB40-AA40) | AF40: =IF(OR(AD40="",AE40=""),"",AE40-AD40) | AI40: =IF(OR(AG40="",AH40=""),"",AH40-AG40) | AL40: =IF(OR(AJ40="",AK40=""),"",AK40-AJ40) | AO40: =IF(OR(AM40="",AN40=""),"",AN40-AM40) | AR40: =IF(OR(AP40="",AQ40=""),"",AQ40-AP40) | AU40: =IF(OR(AS40="",AT40=""),"",AT40-AS40)
A41: 34 | B41: 20260956 | E41: =IF(OR(C41="",D41=""),"",D41-C41) | H41: =IF(OR(F41="",G41=""),"",G41-F41) | K41: =IF(OR(I41="",J41=""),"",J41-I41) | N41: =IF(OR(L41="",M41=""),"",M41-L41) | Q41: =IF(OR(O41="",P41=""),"",P41-O41) | T41: =IF(OR(R41="",S41=""),"",S41-R41) | W41: =IF(OR(U41="",V41=""),"",V41-U41) | Z41: =IF(OR(X41="",Y41=""),"",Y41-X41) | AC41: =IF(OR(AA41="",AB41=""),"",AB41-AA41) | AF41: =IF(OR(AD41="",AE41=""),"",AE41-AD41) | AI41: =IF(OR(AG41="",AH41=""),"",AH41-AG41) | AL41: =IF(OR(AJ41="",AK41=""),"",AK41-AJ41) | AO41: =IF(OR(AM41="",AN41=""),"",AN41-AM41) | AR41: =IF(OR(AP41="",AQ41=""),"",AQ41-AP41) | AU41: =IF(OR(AS41="",AT41=""),"",AT41-AS41)
A42: 35 | B42: 20260957 | E42: =IF(OR(C42="",D42=""),"",D42-C42) | H42: =IF(OR(F42="",G42=""),"",G42-F42) | K42: =IF(OR(I42="",J42=""),"",J42-I42) | N42: =IF(OR(L42="",M42=""),"",M42-L42) | Q42: =IF(OR(O42="",P42=""),"",P42-O42) | T42: =IF(OR(R42="",S42=""),"",S42-R42) | W42: =IF(OR(U42="",V42=""),"",V42-U42) | Z42: =IF(OR(X42="",Y42=""),"",Y42-X42) | AC42: =IF(OR(AA42="",AB42=""),"",AB42-AA42) | AF42: =IF(OR(AD42="",AE42=""),"",AE42-AD42) | AI42: =IF(OR(AG42="",AH42=""),"",AH42-AG42) | AL42: =IF(OR(AJ42="",AK42=""),"",AK42-AJ42) | AO42: =IF(OR(AM42="",AN42=""),"",AN42-AM42) | AR42: =IF(OR(AP42="",AQ42=""),"",AQ42-AP42) | AU42: =IF(OR(AS42="",AT42=""),"",AT42-AS42)
A43: 36 | B43: 20260958 | E43: =IF(OR(C43="",D43=""),"",D43-C43) | H43: =IF(OR(F43="",G43=""),"",G43-F43) | K43: =IF(OR(I43="",J43=""),"",J43-I43) | N43: =IF(OR(L43="",M43=""),"",M43-L43) | Q43: =IF(OR(O43="",P43=""),"",P43-O43) | T43: =IF(OR(R43="",S43=""),"",S43-R43) | W43: =IF(OR(U43="",V43=""),"",V43-U43) | Z43: =IF(OR(X43="",Y43=""),"",Y43-X43) | AC43: =IF(OR(AA43="",AB43=""),"",AB43-AA43) | AF43: =IF(OR(AD43="",AE43=""),"",AE43-AD43) | AI43: =IF(OR(AG43="",AH43=""),"",AH43-AG43) | AL43: =IF(OR(AJ43="",AK43=""),"",AK43-AJ43) | AO43: =IF(OR(AM43="",AN43=""),"",AN43-AM43) | AR43: =IF(OR(AP43="",AQ43=""),"",AQ43-AP43) | AU43: =IF(OR(AS43="",AT43=""),"",AT43-AS43)
A44: 37 | B44: 20260959 | E44: =IF(OR(C44="",D44=""),"",D44-C44) | H44: =IF(OR(F44="",G44=""),"",G44-F44) | K44: =IF(OR(I44="",J44=""),"",J44-I44) | N44: =IF(OR(L44="",M44=""),"",M44-L44) | Q44: =IF(OR(O44="",P44=""),"",P44-O44) | T44: =IF(OR(R44="",S44=""),"",S44-R44) | W44: =IF(OR(U44="",V44=""),"",V44-U44) | Z44: =IF(OR(X44="",Y44=""),"",Y44-X44) | AC44: =IF(OR(AA44="",AB44=""),"",AB44-AA44) | AF44: =IF(OR(AD44="",AE44=""),"",AE44-AD44) | AI44: =IF(OR(AG44="",AH44=""),"",AH44-AG44) | AL44: =IF(OR(AJ44="",AK44=""),"",AK44-AJ44) | AO44: =IF(OR(AM44="",AN44=""),"",AN44-AM44) | AR44: =IF(OR(AP44="",AQ44=""),"",AQ44-AP44) | AU44: =IF(OR(AS44="",AT44=""),"",AT44-AS44)
A45: 38 | B45: 20260960 | E45: =IF(OR(C45="",D45=""),"",D45-C45) | H45: =IF(OR(F45="",G45=""),"",G45-F45) | K45: =IF(OR(I45="",J45=""),"",J45-I45) | N45: =IF(OR(L45="",M45=""),"",M45-L45) | Q45: =IF(OR(O45="",P45=""),"",P45-O45) | T45: =IF(OR(R45="",S45=""),"",S45-R45) | W45: =IF(OR(U45="",V45=""),"",V45-U45) | Z45: =IF(OR(X45="",Y45=""),"",Y45-X45) | AC45: =IF(OR(AA45="",AB45=""),"",AB45-AA45) | AF45: =IF(OR(AD45="",AE45=""),"",AE45-AD45) | AI45: =IF(OR(AG45="",AH45=""),"",AH45-AG45) | AL45: =IF(OR(AJ45="",AK45=""),"",AK45-AJ45) | AO45: =IF(OR(AM45="",AN45=""),"",AN45-AM45) | AR45: =IF(OR(AP45="",AQ45=""),"",AQ45-AP45) | AU45: =IF(OR(AS45="",AT45=""),"",AT45-AS45)
A46: 39 | B46: 20260961 | E46: =IF(OR(C46="",D46=""),"",D46-C46) | H46: =IF(OR(F46="",G46=""),"",G46-F46) | K46: =IF(OR(I46="",J46=""),"",J46-I46) | N46: =IF(OR(L46="",M46=""),"",M46-L46) | Q46: =IF(OR(O46="",P46=""),"",P46-O46) | T46: =IF(OR(R46="",S46=""),"",S46-R46) | W46: =IF(OR(U46="",V46=""),"",V46-U46) | Z46: =IF(OR(X46="",Y46=""),"",Y46-X46) | AC46: =IF(OR(AA46="",AB46=""),"",AB46-AA46) | AF46: =IF(OR(AD46="",AE46=""),"",AE46-AD46) | AI46: =IF(OR(AG46="",AH46=""),"",AH46-AG46) | AL46: =IF(OR(AJ46="",AK46=""),"",AK46-AJ46) | AO46: =IF(OR(AM46="",AN46=""),"",AN46-AM46) | AR46: =IF(OR(AP46="",AQ46=""),"",AQ46-AP46) | AU46: =IF(OR(AS46="",AT46=""),"",AT46-AS46)
A47: 40 | B47: 20260962 | E47: =IF(OR(C47="",D47=""),"",D47-C47) | H47: =IF(OR(F47="",G47=""),"",G47-F47) | K47: =IF(OR(I47="",J47=""),"",J47-I47) | N47: =IF(OR(L47="",M47=""),"",M47-L47) | Q47: =IF(OR(O47="",P47=""),"",P47-O47) | T47: =IF(OR(R47="",S47=""),"",S47-R47) | W47: =IF(OR(U47="",V47=""),"",V47-U47) | Z47: =IF(OR(X47="",Y47=""),"",Y47-X47) | AC47: =IF(OR(AA47="",AB47=""),"",AB47-AA47) | AF47: =IF(OR(AD47="",AE47=""),"",AE47-AD47) | AI47: =IF(OR(AG47="",AH47=""),"",AH47-AG47) | AL47: =IF(OR(AJ47="",AK47=""),"",AK47-AJ47) | AO47: =IF(OR(AM47="",AN47=""),"",AN47-AM47) | AR47: =IF(OR(AP47="",AQ47=""),"",AQ47-AP47) | AU47: =IF(OR(AS47="",AT47=""),"",AT47-AS47)
A48: 41 | B48: 20260963 | E48: =IF(OR(C48="",D48=""),"",D48-C48) | H48: =IF(OR(F48="",G48=""),"",G48-F48) | K48: =IF(OR(I48="",J48=""),"",J48-I48) | N48: =IF(OR(L48="",M48=""),"",M48-L48) | Q48: =IF(OR(O48="",P48=""),"",P48-O48) | T48: =IF(OR(R48="",S48=""),"",S48-R48) | W48: =IF(OR(U48="",V48=""),"",V48-U48) | Z48: =IF(OR(X48="",Y48=""),"",Y48-X48) | AC48: =IF(OR(AA48="",AB48=""),"",AB48-AA48) | AF48: =IF(OR(AD48="",AE48=""),"",AE48-AD48) | AI48: =IF(OR(AG48="",AH48=""),"",AH48-AG48) | AL48: =IF(OR(AJ48="",AK48=""),"",AK48-AJ48) | AO48: =IF(OR(AM48="",AN48=""),"",AN48-AM48) | AR48: =IF(OR(AP48="",AQ48=""),"",AQ48-AP48) | AU48: =IF(OR(AS48="",AT48=""),"",AT48-AS48)
A49: 42 | B49: 20260964 | E49: =IF(OR(C49="",D49=""),"",D49-C49) | H49: =IF(OR(F49="",G49=""),"",G49-F49) | K49: =IF(OR(I49="",J49=""),"",J49-I49) | N49: =IF(OR(L49="",M49=""),"",M49-L49) | Q49: =IF(OR(O49="",P49=""),"",P49-O49) | T49: =IF(OR(R49="",S49=""),"",S49-R49) | W49: =IF(OR(U49="",V49=""),"",V49-U49) | Z49: =IF(OR(X49="",Y49=""),"",Y49-X49) | AC49: =IF(OR(AA49="",AB49=""),"",AB49-AA49) | AF49: =IF(OR(AD49="",AE49=""),"",AE49-AD49) | AI49: =IF(OR(AG49="",AH49=""),"",AH49-AG49) | AL49: =IF(OR(AJ49="",AK49=""),"",AK49-AJ49) | AO49: =IF(OR(AM49="",AN49=""),"",AN49-AM49) | AR49: =IF(OR(AP49="",AQ49=""),"",AQ49-AP49) | AU49: =IF(OR(AS49="",AT49=""),"",AT49-AS49)
... A67: 60 | B67: 20260982 | E67: =IF(OR(C67="",D67=""),"",D67-C67) | H67: =IF(OR(F67="",G67=""),"",G67-F67) | K67: =IF(OR(I67="",J67=""),"",J67-I67) | N67: =IF(OR(L67="",M67=""),"",M67-L67) | Q67: =IF(OR(O67="",P67=""),"",P67-O67) | T67: =IF(OR(R67="",S67=""),"",S67-R67) | W67: =IF(OR(U67="",V67=""),"",V67-U67) | Z67: =IF(OR(X67="",Y67=""),"",Y67-X67) | AC67: =IF(OR(AA67="",AB67=""),"",AB67-AA67) | AF67: =IF(OR(AD67="",AE67=""),"",AE67-AD67) | AI67: =IF(OR(AG67="",AH67=""),"",AH67-AG67) | AL67: =IF(OR(AJ67="",AK67=""),"",AK67-AJ67) | AO67: =IF(OR(AM67="",AN67=""),"",AN67-AM67) | AR67: =IF(OR(AP67="",AQ67=""),"",AQ67-AP67) | AU67: =IF(OR(AS67="",AT67=""),"",AT67-AS67)
